INSERT INTO meme
VALUES 
(0,'leonardo dicaprio','leo, dicaprio, titanic, django, nuggets, food, funny, chicken', 'image', 'meme', 'https://i.imgur.com/5XpyMAX.jpeg'),
(1,'incredibly tired','studying, college, incredibles, professor, late night', 'image', 'meme', 'https://i.redd.it/0gsv9rijxpn51.jpg'),
(2,'bus riding','public transportation, wojak shakes, leaning head, pov, bus, shake', 'gif', 'meme', 'https://i.redd.it/oasfizb6a0h51.gif'),
(3,'shrek movie','shrek, movie, entire move, but it"s a, but its a, long, shrek movie', 'gif', 'meme', 'https://i.redd.it/4vwc2telggr21.gif'),
(4,'hagrid but square','hagrid, elon musk, elon, musk, cybertruck, cyber truck, model 3, tesla, spacex', 'image', 'image', 'https://i.redd.it/44m7l7g698041.jpg'),
(5,'pregame gunplay','videogame, lobby, friendly fire, fps, funny, shooting, gun', 'gif', 'meme', 'https://i.redd.it/795ama25dgj51.gif'),
(6,'relatable interaction','money, change, line, queue, waiting, fumbling, awkward moment, cringe', 'image', 'meme', 'https://i.redd.it/tezdv6s6vew51.jpg'),
(7,'table salt','table salt, salt, sodium, chlorine, emporer"s new groove, mike, chemistry', 'image', 'meme', 'https://i.redd.it/me6uxzu2sxf51.jpg'),
(8,'who took my glasses','blurry, django, leonardo di caprio, drinking, glasses, school', 'image', 'meme', 'https://i.redd.it/9zk8tyhv8qk51.png'),
(9,'when life gives you lemons','lemons, fried, surreal, funny, self deprecating', 'image', 'meme', 'https://filmdaily.co/wp-content/uploads/2020/06/deep-fried-memes_1.jpg'),
(10,'i am the high ground', 'star wars, prequel, anakin, kenobi, obi wan, high ground', 'image', 'meme', 'https://i.redd.it/jj5h8cyl7qy41.png'),
(11,'c o r o n a w a v e', 'disk, face, sick, corona, covid, covid19, ms-dos, windows', 'image', 'meme', 'https://i.imgur.com/0nn7Mo2.jpg'),
(12,'florida man turtle army', 'turtles, turtle, conquer, planet, army of turtles, avengers', 'image', 'meme', 'https://i.redd.it/4snf3jykpbg41.jpg'),
(13,'dancing baby', 'dancing baby, dancing, baby, early meme, funny', 'gif', 'meme', 'https://media3.giphy.com/media/14kqI3Y4urS3rG/giphy.gif'),
(14,'interesting', 'google, alexa, okay google, miranda cosgrove', 'image', 'meme', 'https://i.redd.it/8uf6g88z7id41.png'),
(15,'my entire nervous system', 'family guy, brian, elbow, funny bone, hurt', 'image', 'meme', 'https://i.redd.it/w3ymk48djeo31.jpg'),
(16,'in charge', 'reality tv, joke, joe, joe manager, in charg', 'image', 'meme', 'https://i.redd.it/2g3a5tezh9v31.jpg'),
(17,'amazon feat amazon prod by amazon', 'amazon basics, obama, review', 'image', 'meme', 'https://i.redd.it/yqjpg7go6oc31.png'),
(18,'math', 'loophole, february 29th, leap year, leap, year, age', 'imaggge', 'meme', 'https://i.redd.it/xlx2k731cvj41.jpg'),
(19,'age of ultron', 'avengers, age of ultron, obama confused, obama', 'image', 'meme', 'https://i.redd.it/tkmgd8uwx6e51.gif'),
(20,'bernie sanders jedi', 'force choke, joe biden, bernie sanders', 'image', 'meme', 'https://i.redd.it/6vkl2cgivxm41.jpg'),
(21,'dwayne the headrest', 'dwayne the rock johnson, the rock, meta, car, driving, movies', 'image', 'meme', 'https://i.imgur.com/KpwIuSO.png');

INSERT INTO memetext
VALUES
(0,'This is an example memetext'),
(1,'When you eat too many hot peppers'),
(2,'pov you are the meme'),
(3,'snakes'),
(4,'imbiamba jones but miniature'),
(5,'Remember these guys? This is them now.'),
(6,'Making the meme extra long.'),
(7,'Hits my elbow on desk. My entire nervous system.'),
(8,'One does not simply walk into Mordo.'),
(9,'I TXT U Y U NO TXT BAK?!'),
(10,'Me and the boys when we realize the area 51 guards are working from home');
INSERT INTO source
VALUES
('twitter', 'Users post small snippets of text called "tweets". Users follow each other, retweet and like content.'),
('reddit','Users make posts to subject based communites called subreddits. Content organized around voting system'),
('youtube','Video hosting platform with comments, subscriptions, and comments'),
('wikipedia','Educational wiki based website for topic information.'),
('facebook','Social media platform in which users friend each other, post content, join groups and pages.'),
('instagram','Mobile first social media platform which is user focused photo sharing.'),
('tik-tok','Video hosting platform with short-form video content.');
INSERT INTO aesthetic
VALUES
('deep fried', 'deep fried memes are high contrast, saturated, pixelated', 'red'),
('blurry','blurry memes indicate a degree of chaos', 'blue'),
('vaporwave','neon colors and nineties sci-fi aesthetic see macintosh plus', 'neon'),
('vintage', 'softer lens focus, shot on 35 mm film, retro feel', 'brown'),
('weirdcore', 'unsettling images, strange objects in unexpected places', 'gray'),
('nostlagia', 'liminal spaces, fever dream, uneasy familiarity', 'yellow'),
('trippy', 'psychedelic, fractals, swirling patterns', 'orange'),
('dystopian', 'space exploration, retrofuturism, apocalyptic', 'navy'),
('dank', 'Word Art text, childish imagery, humorous nihilism', 'rainbow'),
('grunge', 'dark, edgy, vinyl records, neon lights', 'black');
INSERT INTO subculture
VALUES
('prequel memes', 'memes based on content from the star wars prequel trilogy', 'niche'),
('stonk memes','memes based on investing', 'popular'),
('political compass memes','memes based on the political compass format', 'niche'),
('hide the pain harold','memes based on the likeness of "harold"', 'universal'),
('DC/marvel','memes based on the DC/Marvel Universes', 'universal'),
('creepypasta memes','memes based on the creepypasta site', 'obscure'),
('gaming memes','memes based on the video games', 'niche'),
('anime memes','memes based on anime/manga', 'niche'),
('netflix memes','memes based on trending shows on Netflix', 'popular'),
('absurdist memes','memes that are absurd', 'obscure');
INSERT INTO internet_personality
VALUES
('elon musk','south-african born large muskrat', 'well-known'),
('donald trump','twitter potus', 'universal'),
('justin bieber','male pop vocalist', 'well-known'),
('fuckjerry','controversial instagram meme account', 'niche'),
('subtle asian traits','facebook group posting cultural memes', 'popular'),
('zoom memes for self quaranteens','facebook group posting content for students during COVID-19', 'popular'),
('memezar','creator of rationalist blog Star Slate Codex', 'obscure'),
('will smith','A-list actor known for many prolific roles', 'well-known'),
('scott alexander','creator of rationalist blog Star Slate Codex', 'obscure'),
('world record egg','instagram account known for most liked photo of an egg', 'popular'),
('andrew yang','american 20202 presdiential candidate','popular'),
('harold','internet celebrity known for hiding pain', 'well-known'),
('batman','vigilante of the night', 'popular'),
('hp lovecraft','american writer of horror fiction', 'well-known'),
('garry kasparov','russian chess grandmaster', 'well-known');
INSERT INTO real_life_community
VALUES
('us politicians', 'people who belong to the US political establishment: congress, senate, potus, etc', 'english'),
('new yorkers','people who live in new york','english'),
('us citizens','citizens of the US','english'),
('french citizens','citizens of france','french'),
('nyu students','students who go to nyu','english'),
('college students','students who attend university','english'),
('gamers','people who are interested in video games','english'),
('brazilian citizens','citizens of brazil','portuguese'),
('hispanic americans','americans from a spanish-speaking background','spanish'),
('computer science students','students studying computer science','english');
INSERT INTO meme_text_overlays
VALUES
('0,0',1,1),
('10,10',2,2),
('30,5',3,4);
INSERT INTO meme_posted_on
VALUES
('twitter',1),
('twitter',2),
('instagram',3),
('twitter',4),
('wikipedia',5),
('youtube',6),
('facebook',7),
('instagram',8),
('tik-tok',9),
('instagram',10),
('reddit',11),
('facebook',12),
('instagram',13),
('youtube',14),
('facebook',15),
('twitter',16),
('tik-tok',17),
('wikipedia',18),
('instagram',19),
('youtube',20),
('twitter',21);
INSERT INTO meme_has_an
VALUES
(9, 'deep fried'),
(8, 'blurry'),
(4, 'weirdcore'),
(3, 'dank'),
(11, 'vaporwave'),
(12, 'dystopian');
INSERT INTO meme_belongs_to
VALUES
(10, 'prequel memes'),
(5, 'absurdist memes');
INSERT INTO personality_belongs_to_subculture
VALUES
('elon musk','stonk memes'),
('world record egg', 'absurdist memes'),
('donald trump', 'anime memes'),
('memezar', 'absurdist memes'),
('will smith', 'netflix memes'),
('andrew yang', 'political compass memes'),
('harold', 'hide the pain harold'),
('batman', 'DC/marvel'),
('hp lovecraft', 'creepypasta memes'),
('garry kasparov', 'gaming memes');
INSERT INTO personality_belongs_to_community
VALUES
('donald trump', 'us politicians'),
('justin bieber', 'us citizens'),
('elon musk', 'us citizens'),
('will smith', 'us citizens'),
('batman', 'us citizens'),
('hp lovecraft', 'us citizens'),
('garry kasparov', 'gamers'),
('andrew yang', 'us politicians');

INSERT INTO personality_posts
VALUES
(4,'fuckjerry'),
(7, 'scott alexander');
INSERT INTO community_circulates
VALUES
(1, 'computer science students'),
(2, 'new yorkers');
INSERT INTO era
VALUES
('early internet', 2000,2005, 'the beginning of the phenomenon of an internet "culture"'),
('mid internet',2005,2010, 'the fast growth and adoption of the internet in mainstream circles'),
('modern internet',2010,2020, 'the current period of internet culture');

INSERT INTO meme_in_era
VALUES
(1,'modern internet'),
(2,'mid internet'),
(3,'modern internet'),
(4,'modern internet'),
(5,'modern internet'),
(6,'modern internet'),
(7,'modern internet'),
(8,'modern internet'),
(9,'modern internet'),
(10,'modern internet'),
(11,'modern internet'),
(12,'modern internet'),
(13,'early internet'),
(14,'modern internet'),
(15,'modern internet'),
(16,'modern internet'),
(17,'modern internet'),
(18,'modern internet'),
(19,'modern internet'),
(20,'modern internet'),
(21,'modern internet');

